region_id,pred_week1,pred_week2,pred_week3,pred_week4,pred_week5
R1,0,0,0,0,0
R2,0,0,0,0,0
R3,0,0,0,0,0
R4,0,0,0,0,0
R6,0,0,0,0,0
R7,0,0,0,0,0
R8,0,0,0,0,0
R9,0,0,0,0,0
R11,0,0,0,0,0
R13,0,0,0,0,0
R14,0,0,0,0,0
R15,0,0,0,0,0
R16,0,0,0,0,0
R18,0,0,0,0,0
R19,0,0,0,0,0
R20,0,0,0,0,0
R21,0,0,0,0,0
R23,0,0,0,0,0
R24,0,0,0,0,0
R25,0,0,0,0,0
R26,0,0,0,0,0
R27,0,0,0,0,0
R30,0,0,0,0,0
R31,0,0,0,0,0
R33,0,0,0,0,0
R34,0,0,0,0,0
R35,0,0,0,0,0
R36,0,0,0,0,0
R37,0,0,0,0,0
R41,0,0,0,0,0
R42,0,0,0,0,0
R43,0,0,0,0,0
R44,0,0,0,0,0
R45,0,0,0,0,0
R48,0,0,0,0,0
R49,0,0,0,0,0
R50,0,0,0,0,0
R51,0,0,0,0,0
R53,0,0,0,0,0
R55,0,0,0,0,0
R56,0,0,0,0,0
R57,0,0,0,0,0
R59,0,0,0,0,0
R61,0,0,0,0,0
R62,0,0,0,0,0
R63,0,0,0,0,0
R64,0,0,0,0,0
R65,0,0,0,0,0
R67,0,0,0,0,0
R68,0,0,0,0,0
R69,0,0,0,0,0
R70,0,0,0,0,0
R71,0,0,0,0,0
R72,0,0,0,0,0
R73,0,0,0,0,0
R74,0,0,0,0,0
R75,0,0,0,0,0
R76,0,0,0,0,0
R77,0,0,0,0,0
R78,0,0,0,0,0
R79,0,0,0,0,0
R80,0,0,0,0,0
R81,0,0,0,0,0
R82,0,0,0,0,0
R86,0,0,0,0,0
R90,0,0,0,0,0
R92,0,0,0,0,0
R96,0,0,0,0,0
R111,0,0,0,0,0
R119,0,0,0,0,0
R123,0,0,0,0,0
R128,0,0,0,0,0
R129,0,0,0,0,0
R132,0,0,0,0,0
R149,0,0,0,0,0
R152,0,0,0,0,0
R158,0,0,0,0,0
R159,0,0,0,0,0
R160,0,0,0,0,0
R161,0,0,0,0,0
R162,0,0,0,0,0
R163,0,0,0,0,0
R164,0,0,0,0,0
R165,0,0,0,0,0
R166,0,0,0,0,0
R167,0,0,0,0,0
R168,0,0,0,0,0
R169,0,0,0,0,0
R170,0,0,0,0,0
R171,0,0,0,0,0
R172,0,0,0,0,0
R173,0,0,0,0,0
R174,0,0,0,0,0
R175,0,0,0,0,0
R176,0,0,0,0,0
R177,0,0,0,0,0
R178,0,0,0,0,0
R179,0,0,0,0,0
R180,0,0,0,0,0
R181,0,0,0,0,0
R182,0,0,0,0,0
R183,0,0,0,0,0
R185,0,0,0,0,0
R186,0,0,0,0,0
R187,0,0,0,0,0
R188,0,0,0,0,0
R189,0,0,0,0,0
R190,0,0,0,0,0
R191,0,0,0,0,0
R192,0,0,0,0,0
R193,0,0,0,0,0
R194,0,0,0,0,0
R195,0,0,0,0,0
R196,0,0,0,0,0
R197,0,0,0,0,0
R198,0,0,0,0,0
R199,0,0,0,0,0
R200,0,0,0,0,0
R201,0,0,0,0,0
R202,0,0,0,0,0
R203,0,0,0,0,0
R204,0,0,0,0,0
R205,0,0,0,0,0
R206,0,0,0,0,0
R207,0,0,0,0,0
R208,0,0,0,0,0
R209,0,0,0,0,0
R210,0,0,0,0,0
R211,0,0,0,0,0
R212,0,0,0,0,0
R213,0,0,0,0,0
R214,0,0,0,0,0
R215,0,0,0,0,0
R216,0,0,0,0,0
R217,0,0,0,0,0
R218,0,0,0,0,0
R219,0,0,0,0,0
R220,0,0,0,0,0
R221,0,0,0,0,0
R222,0,0,0,0,0
R223,0,0,0,0,0
R224,0,0,0,0,0
R225,0,0,0,0,0
R226,0,0,0,0,0
R227,0,0,0,0,0
R228,0,0,0,0,0
R229,0,0,0,0,0
R230,0,0,0,0,0
R231,0,0,0,0,0
R232,0,0,0,0,0
R233,0,0,0,0,0
R234,0,0,0,0,0
R235,0,0,0,0,0
R236,0,0,0,0,0
R237,0,0,0,0,0
R238,0,0,0,0,0
R239,0,0,0,0,0
R240,0,0,0,0,0
R241,0,0,0,0,0
R242,0,0,0,0,0
R243,0,0,0,0,0
R244,0,0,0,0,0
R245,0,0,0,0,0
R246,0,0,0,0,0
R247,0,0,0,0,0
R248,0,0,0,0,0
R249,0,0,0,0,0
R250,0,0,0,0,0
R251,0,0,0,0,0
R252,0,0,0,0,0
R253,0,0,0,0,0
R254,0,0,0,0,0
R255,0,0,0,0,0
R256,0,0,0,0,0
R257,0,0,0,0,0
R258,0,0,0,0,0
R259,0,0,0,0,0
R260,0,0,0,0,0
R261,0,0,0,0,0
R262,0,0,0,0,0
R263,0,0,0,0,0
R264,0,0,0,0,0
R265,0,0,0,0,0
R266,0,0,0,0,0
R267,0,0,0,0,0
R268,0,0,0,0,0
R269,0,0,0,0,0
R270,0,0,0,0,0
R271,0,0,0,0,0
R272,0,0,0,0,0
R273,0,0,0,0,0
R274,0,0,0,0,0
R275,0,0,0,0,0
R276,0,0,0,0,0
R277,0,0,0,0,0
R278,0,0,0,0,0
R279,0,0,0,0,0
R281,0,0,0,0,0
R282,0,0,0,0,0
R283,0,0,0,0,0
R284,0,0,0,0,0
R285,0,0,0,0,0
R286,0,0,0,0,0
R287,0,0,0,0,0
R289,0,0,0,0,0
R290,0,0,0,0,0
R291,0,0,0,0,0
R292,0,0,0,0,0
R293,0,0,0,0,0
R294,0,0,0,0,0
R295,0,0,0,0,0
R296,0,0,0,0,0
R297,0,0,0,0,0
R298,0,0,0,0,0
R299,0,0,0,0,0
R300,0,0,0,0,0
R301,0,0,0,0,0
R302,0,0,0,0,0
R303,0,0,0,0,0
R304,0,0,0,0,0
R305,0,0,0,0,0
R306,0,0,0,0,0
R307,0,0,0,0,0
R308,0,0,0,0,0
R309,0,0,0,0,0
R310,0,0,0,0,0
R311,0,0,0,0,0
R312,0,0,0,0,0
R313,0,0,0,0,0
R314,0,0,0,0,0
R315,0,0,0,0,0
R316,0,0,0,0,0
R317,0,0,0,0,0
R318,0,0,0,0,0
R319,0,0,0,0,0
R320,0,0,0,0,0
R321,0,0,0,0,0
R322,0,0,0,0,0
R323,0,0,0,0,0
R324,0,0,0,0,0
R325,0,0,0,0,0
R326,0,0,0,0,0
R327,0,0,0,0,0
R328,0,0,0,0,0
R329,0,0,0,0,0
R330,0,0,0,0,0
R331,0,0,0,0,0
R332,0,0,0,0,0
R333,0,0,0,0,0
R334,0,0,0,0,0
R335,0,0,0,0,0
R336,0,0,0,0,0
R337,0,0,0,0,0
R338,0,0,0,0,0
R339,0,0,0,0,0
R340,0,0,0,0,0
R341,0,0,0,0,0
R342,0,0,0,0,0
R343,0,0,0,0,0
R344,0,0,0,0,0
R345,0,0,0,0,0
R346,0,0,0,0,0
R347,0,0,0,0,0
R348,0,0,0,0,0
R349,0,0,0,0,0
R350,0,0,0,0,0
R351,0,0,0,0,0
R352,0,0,0,0,0
R353,0,0,0,0,0
R354,0,0,0,0,0
R355,0,0,0,0,0
R356,0,0,0,0,0
R357,0,0,0,0,0
R358,0,0,0,0,0
R359,0,0,0,0,0
R360,0,0,0,0,0
R361,0,0,0,0,0
R362,0,0,0,0,0
R363,0,0,0,0,0
R364,0,0,0,0,0
R365,0,0,0,0,0
R366,0,0,0,0,0
R367,0,0,0,0,0
R368,0,0,0,0,0
R369,0,0,0,0,0
R370,0,0,0,0,0
R371,0,0,0,0,0
R372,0,0,0,0,0
R373,0,0,0,0,0
R374,0,0,0,0,0
R375,0,0,0,0,0
R376,0,0,0,0,0
R377,0,0,0,0,0
R378,0,0,0,0,0
R379,0,0,0,0,0
R380,0,0,0,0,0
R381,0,0,0,0,0
R382,0,0,0,0,0
R383,0,0,0,0,0
R384,0,0,0,0,0
R385,0,0,0,0,0
R386,0,0,0,0,0
R387,0,0,0,0,0
R388,0,0,0,0,0
R389,0,0,0,0,0
R390,0,0,0,0,0
R391,0,0,0,0,0
R392,0,0,0,0,0
R393,0,0,0,0,0
R394,0,0,0,0,0
R395,0,0,0,0,0
R396,0,0,0,0,0
R397,0,0,0,0,0
R398,0,0,0,0,0
R399,0,0,0,0,0
R400,0,0,0,0,0
R401,0,0,0,0,0
R402,0,0,0,0,0
R403,0,0,0,0,0
R404,0,0,0,0,0
R405,0,0,0,0,0
R406,0,0,0,0,0
R407,0,0,0,0,0
R408,0,0,0,0,0
R409,0,0,0,0,0
R410,0,0,0,0,0
R411,0,0,0,0,0
R412,0,0,0,0,0
R413,0,0,0,0,0
R414,0,0,0,0,0
R415,0,0,0,0,0
R416,0,0,0,0,0
R417,0,0,0,0,0
R418,0,0,0,0,0
R419,0,0,0,0,0
R420,0,0,0,0,0
R421,0,0,0,0,0
R422,0,0,0,0,0
R423,0,0,0,0,0
R424,0,0,0,0,0
R425,0,0,0,0,0
R426,0,0,0,0,0
R427,0,0,0,0,0
R428,0,0,0,0,0
R429,0,0,0,0,0
R430,0,0,0,0,0
R431,0,0,0,0,0
R432,0,0,0,0,0
R433,0,0,0,0,0
R434,0,0,0,0,0
R435,0,0,0,0,0
R436,0,0,0,0,0
R437,0,0,0,0,0
R438,0,0,0,0,0
R439,0,0,0,0,0
R440,0,0,0,0,0
R441,0,0,0,0,0
R442,0,0,0,0,0
R443,0,0,0,0,0
R444,0,0,0,0,0
R445,0,0,0,0,0
R446,0,0,0,0,0
R447,0,0,0,0,0
R448,0,0,0,0,0
R449,0,0,0,0,0
R450,0,0,0,0,0
R451,0,0,0,0,0
R452,0,0,0,0,0
R453,0,0,0,0,0
R454,0,0,0,0,0
R455,0,0,0,0,0
R456,0,0,0,0,0
R457,0,0,0,0,0
R458,0,0,0,0,0
R459,0,0,0,0,0
R460,0,0,0,0,0
R461,0,0,0,0,0
R462,0,0,0,0,0
R463,0,0,0,0,0
R464,0,0,0,0,0
R465,0,0,0,0,0
R466,0,0,0,0,0
R467,0,0,0,0,0
R468,0,0,0,0,0
R469,0,0,0,0,0
R470,0,0,0,0,0
R471,0,0,0,0,0
R472,0,0,0,0,0
R473,0,0,0,0,0
R474,0,0,0,0,0
R475,0,0,0,0,0
R476,0,0,0,0,0
R477,0,0,0,0,0
R478,0,0,0,0,0
R479,0,0,0,0,0
R480,0,0,0,0,0
R481,0,0,0,0,0
R482,0,0,0,0,0
R483,0,0,0,0,0
R484,0,0,0,0,0
R485,0,0,0,0,0
R486,0,0,0,0,0
R487,0,0,0,0,0
R488,0,0,0,0,0
R489,0,0,0,0,0
R490,0,0,0,0,0
R491,0,0,0,0,0
R492,0,0,0,0,0
R493,0,0,0,0,0
R494,0,0,0,0,0
R495,0,0,0,0,0
R496,0,0,0,0,0
R497,0,0,0,0,0
R498,0,0,0,0,0
R499,0,0,0,0,0
R500,0,0,0,0,0
R501,0,0,0,0,0
R502,0,0,0,0,0
R503,0,0,0,0,0
R505,0,0,0,0,0
R506,0,0,0,0,0
R507,0,0,0,0,0
R508,0,0,0,0,0
R509,0,0,0,0,0
R510,0,0,0,0,0
R511,0,0,0,0,0
R512,0,0,0,0,0
R514,0,0,0,0,0
R515,0,0,0,0,0
R516,0,0,0,0,0
R517,0,0,0,0,0
R518,0,0,0,0,0
R519,0,0,0,0,0
R520,0,0,0,0,0
R521,0,0,0,0,0
R522,0,0,0,0,0
R524,0,0,0,0,0
R525,0,0,0,0,0
R526,0,0,0,0,0
R528,0,0,0,0,0
R529,0,0,0,0,0
R530,0,0,0,0,0
R531,0,0,0,0,0
R532,0,0,0,0,0
R533,0,0,0,0,0
R534,0,0,0,0,0
R536,0,0,0,0,0
R537,0,0,0,0,0
R538,0,0,0,0,0
R540,0,0,0,0,0
R541,0,0,0,0,0
R542,0,0,0,0,0
R544,0,0,0,0,0
R545,0,0,0,0,0
R546,0,0,0,0,0
R547,0,0,0,0,0
R548,0,0,0,0,0
R549,0,0,0,0,0
R551,0,0,0,0,0
R552,0,0,0,0,0
R553,0,0,0,0,0
R554,0,0,0,0,0
R555,0,0,0,0,0
R556,0,0,0,0,0
R557,0,0,0,0,0
R559,0,0,0,0,0
R560,0,0,0,0,0
R561,0,0,0,0,0
R562,0,0,0,0,0
R564,0,0,0,0,0
R566,0,0,0,0,0
R570,0,0,0,0,0
R571,0,0,0,0,0
R572,0,0,0,0,0
R573,0,0,0,0,0
R576,0,0,0,0,0
R577,0,0,0,0,0
R578,0,0,0,0,0
R579,0,0,0,0,0
R581,0,0,0,0,0
R582,0,0,0,0,0
R583,0,0,0,0,0
R584,0,0,0,0,0
R586,0,0,0,0,0
R587,0,0,0,0,0
R588,0,0,0,0,0
R590,0,0,0,0,0
R593,0,0,0,0,0
R595,0,0,0,0,0
R597,0,0,0,0,0
R598,0,0,0,0,0
R599,0,0,0,0,0
R601,0,0,0,0,0
R606,0,0,0,0,0
R607,0,0,0,0,0
R608,0,0,0,0,0
R609,0,0,0,0,0
R612,0,0,0,0,0
R614,0,0,0,0,0
R615,0,0,0,0,0
R618,0,0,0,0,0
R619,0,0,0,0,0
R620,0,0,0,0,0
R621,0,0,0,0,0
R623,0,0,0,0,0
R624,0,0,0,0,0
R626,0,0,0,0,0
R627,0,0,0,0,0
R629,0,0,0,0,0
R630,0,0,0,0,0
R631,0,0,0,0,0
R633,0,0,0,0,0
R635,0,0,0,0,0
R638,0,0,0,0,0
R642,0,0,0,0,0
R645,0,0,0,0,0
R646,0,0,0,0,0
R647,0,0,0,0,0
R648,0,0,0,0,0
R649,0,0,0,0,0
R651,0,0,0,0,0
R653,0,0,0,0,0
R655,0,0,0,0,0
R659,0,0,0,0,0
R660,0,0,0,0,0
R663,0,0,0,0,0
R664,0,0,0,0,0
R665,0,0,0,0,0
R666,0,0,0,0,0
R667,0,0,0,0,0
R668,0,0,0,0,0
R669,0,0,0,0,0
R670,0,0,0,0,0
R671,0,0,0,0,0
R672,0,0,0,0,0
R673,0,0,0,0,0
R674,0,0,0,0,0
R675,0,0,0,0,0
R676,0,0,0,0,0
R677,0,0,0,0,0
R678,0,0,0,0,0
R679,0,0,0,0,0
R680,0,0,0,0,0
R681,0,0,0,0,0
R683,0,0,0,0,0
R684,0,0,0,0,0
R685,0,0,0,0,0
R686,0,0,0,0,0
R687,0,0,0,0,0
R688,0,0,0,0,0
R690,0,0,0,0,0
R691,0,0,0,0,0
R692,0,0,0,0,0
R694,0,0,0,0,0
R697,0,0,0,0,0
R698,0,0,0,0,0
R699,0,0,0,0,0
R700,0,0,0,0,0
R701,0,0,0,0,0
R702,0,0,0,0,0
R703,0,0,0,0,0
R704,0,0,0,0,0
R705,0,0,0,0,0
R706,0,0,0,0,0
R707,0,0,0,0,0
R708,0,0,0,0,0
R709,0,0,0,0,0
R710,0,0,0,0,0
R711,0,0,0,0,0
R713,0,0,0,0,0
R714,0,0,0,0,0
R715,0,0,0,0,0
R716,0,0,0,0,0
R717,0,0,0,0,0
R718,0,0,0,0,0
R719,0,0,0,0,0
R720,0,0,0,0,0
R721,0,0,0,0,0
R722,0,0,0,0,0
R723,0,0,0,0,0
R724,0,0,0,0,0
R725,0,0,0,0,0
R727,0,0,0,0,0
R729,0,0,0,0,0
R730,0,0,0,0,0
R731,0,0,0,0,0
R732,0,0,0,0,0
R733,0,0,0,0,0
R734,0,0,0,0,0
R735,0,0,0,0,0
R736,0,0,0,0,0
R738,0,0,0,0,0
R739,0,0,0,0,0
R740,0,0,0,0,0
R741,0,0,0,0,0
R742,0,0,0,0,0
R743,0,0,0,0,0
R744,0,0,0,0,0
R746,0,0,0,0,0
R747,0,0,0,0,0
R748,0,0,0,0,0
R749,0,0,0,0,0
R751,0,0,0,0,0
R752,0,0,0,0,0
R753,0,0,0,0,0
R754,0,0,0,0,0
R755,0,0,0,0,0
R756,0,0,0,0,0
R757,0,0,0,0,0
R758,0,0,0,0,0
R759,0,0,0,0,0
R760,0,0,0,0,0
R761,0,0,0,0,0
R762,0,0,0,0,0
R763,0,0,0,0,0
R764,0,0,0,0,0
R766,0,0,0,0,0
R767,0,0,0,0,0
R768,0,0,0,0,0
R769,0,0,0,0,0
R770,0,0,0,0,0
R771,0,0,0,0,0
R772,0,0,0,0,0
R773,0,0,0,0,0
R774,0,0,0,0,0
R775,0,0,0,0,0
R776,0,0,0,0,0
R778,0,0,0,0,0
R779,0,0,0,0,0
R780,0,0,0,0,0
R782,0,0,0,0,0
R784,0,0,0,0,0
R785,0,0,0,0,0
R787,0,0,0,0,0
R788,0,0,0,0,0
R789,0,0,0,0,0
R790,0,0,0,0,0
R791,0,0,0,0,0
R792,0,0,0,0,0
R793,0,0,0,0,0
R794,0,0,0,0,0
R795,0,0,0,0,0
R796,0,0,0,0,0
R797,0,0,0,0,0
R798,0,0,0,0,0
R799,0,0,0,0,0
R800,0,0,0,0,0
R801,0,0,0,0,0
R802,0,0,0,0,0
R803,0,0,0,0,0
R804,0,0,0,0,0
R805,0,0,0,0,0
R806,0,0,0,0,0
R807,0,0,0,0,0
R808,0,0,0,0,0
R809,0,0,0,0,0
R810,0,0,0,0,0
R812,0,0,0,0,0
R813,0,0,0,0,0
R814,0,0,0,0,0
R815,0,0,0,0,0
R816,0,0,0,0,0
R817,0,0,0,0,0
R818,0,0,0,0,0
R819,0,0,0,0,0
R820,0,0,0,0,0
R821,0,0,0,0,0
R822,0,0,0,0,0
R823,0,0,0,0,0
R824,0,0,0,0,0
R825,0,0,0,0,0
R826,0,0,0,0,0
R827,0,0,0,0,0
R828,0,0,0,0,0
R829,0,0,0,0,0
R830,0,0,0,0,0
R831,0,0,0,0,0
R832,0,0,0,0,0
R833,0,0,0,0,0
R834,0,0,0,0,0
R835,0,0,0,0,0
R836,0,0,0,0,0
R837,0,0,0,0,0
R838,0,0,0,0,0
R839,0,0,0,0,0
R840,0,0,0,0,0
R841,0,0,0,0,0
R842,0,0,0,0,0
R843,0,0,0,0,0
R845,0,0,0,0,0
R846,0,0,0,0,0
R847,0,0,0,0,0
R848,0,0,0,0,0
R849,0,0,0,0,0
R850,0,0,0,0,0
R851,0,0,0,0,0
R852,0,0,0,0,0
R853,0,0,0,0,0
R854,0,0,0,0,0
R855,0,0,0,0,0
R857,0,0,0,0,0
R858,0,0,0,0,0
R859,0,0,0,0,0
R860,0,0,0,0,0
R861,0,0,0,0,0
R862,0,0,0,0,0
R863,0,0,0,0,0
R865,0,0,0,0,0
R866,0,0,0,0,0
R867,0,0,0,0,0
R868,0,0,0,0,0
R869,0,0,0,0,0
R870,0,0,0,0,0
R871,0,0,0,0,0
R872,0,0,0,0,0
R873,0,0,0,0,0
R874,0,0,0,0,0
R876,0,0,0,0,0
R878,0,0,0,0,0
R879,0,0,0,0,0
R880,0,0,0,0,0
R881,0,0,0,0,0
R882,0,0,0,0,0
R883,0,0,0,0,0
R884,0,0,0,0,0
R886,0,0,0,0,0
R887,0,0,0,0,0
R888,0,0,0,0,0
R889,0,0,0,0,0
R890,0,0,0,0,0
R891,0,0,0,0,0
R892,0,0,0,0,0
R894,0,0,0,0,0
R895,0,0,0,0,0
R896,0,0,0,0,0
R899,0,0,0,0,0
R901,0,0,0,0,0
R902,0,0,0,0,0
R903,0,0,0,0,0
R904,0,0,0,0,0
R905,0,0,0,0,0
R907,0,0,0,0,0
R909,0,0,0,0,0
R910,0,0,0,0,0
R911,0,0,0,0,0
R912,0,0,0,0,0
R913,0,0,0,0,0
R914,0,0,0,0,0
R916,0,0,0,0,0
R917,0,0,0,0,0
R919,0,0,0,0,0
R920,0,0,0,0,0
R921,0,0,0,0,0
R922,0,0,0,0,0
R923,0,0,0,0,0
R924,0,0,0,0,0
R925,0,0,0,0,0
R927,0,0,0,0,0
R928,0,0,0,0,0
R930,0,0,0,0,0
R931,0,0,0,0,0
R932,0,0,0,0,0
R933,0,0,0,0,0
R934,0,0,0,0,0
R936,0,0,0,0,0
R937,0,0,0,0,0
R938,0,0,0,0,0
R940,0,0,0,0,0
R941,0,0,0,0,0
R942,0,0,0,0,0
R944,0,0,0,0,0
R945,0,0,0,0,0
R946,0,0,0,0,0
R947,0,0,0,0,0
R948,0,0,0,0,0
R949,0,0,0,0,0
R950,0,0,0,0,0
R951,0,0,0,0,0
R952,0,0,0,0,0
R953,0,0,0,0,0
R954,0,0,0,0,0
R955,0,0,0,0,0
R956,0,0,0,0,0
R957,0,0,0,0,0
R958,0,0,0,0,0
R962,0,0,0,0,0
R963,0,0,0,0,0
R966,0,0,0,0,0
R970,0,0,0,0,0
R972,0,0,0,0,0
R973,0,0,0,0,0
R974,0,0,0,0,0
R977,0,0,0,0,0
R979,0,0,0,0,0
R980,0,0,0,0,0
R982,0,0,0,0,0
R985,0,0,0,0,0
R989,0,0,0,0,0
R990,0,0,0,0,0
R992,0,0,0,0,0
R995,0,0,0,0,0
R999,0,0,0,0,0
R1001,0,0,0,0,0
R1002,0,0,0,0,0
R1005,0,0,0,0,0
R1006,0,0,0,0,0
R1007,0,0,0,0,0
R1009,0,0,0,0,0
R1011,0,0,0,0,0
R1012,0,0,0,0,0
R1014,0,0,0,0,0
R1015,0,0,0,0,0
R1017,0,0,0,0,0
R1019,0,0,0,0,0
R1020,0,0,0,0,0
R1021,0,0,0,0,0
R1022,0,0,0,0,0
R1024,0,0,0,0,0
R1025,0,0,0,0,0
R1026,0,0,0,0,0
R1028,0,0,0,0,0
R1032,0,0,0,0,0
R1034,0,0,0,0,0
R1035,0,0,0,0,0
R1036,0,0,0,0,0
R1037,0,0,0,0,0
R1041,0,0,0,0,0
R1042,0,0,0,0,0
R1046,0,0,0,0,0
R1047,0,0,0,0,0
R1048,0,0,0,0,0
R1049,0,0,0,0,0
R1051,0,0,0,0,0
R1052,0,0,0,0,0
R1053,0,0,0,0,0
R1054,0,0,0,0,0
R1056,0,0,0,0,0
R1057,0,0,0,0,0
R1058,0,0,0,0,0
R1061,0,0,0,0,0
R1065,0,0,0,0,0
R1067,0,0,0,0,0
R1069,0,0,0,0,0
R1071,0,0,0,0,0
R1074,0,0,0,0,0
R1077,0,0,0,0,0
R1078,0,0,0,0,0
R1079,0,0,0,0,0
R1080,0,0,0,0,0
R1082,0,0,0,0,0
R1083,0,0,0,0,0
R1084,0,0,0,0,0
R1085,0,0,0,0,0
R1086,0,0,0,0,0
R1087,0,0,0,0,0
R1088,0,0,0,0,0
R1089,0,0,0,0,0
R1090,0,0,0,0,0
R1091,0,0,0,0,0
R1092,0,0,0,0,0
R1093,0,0,0,0,0
R1094,0,0,0,0,0
R1095,0,0,0,0,0
R1096,0,0,0,0,0
R1098,0,0,0,0,0
R1100,0,0,0,0,0
R1101,0,0,0,0,0
R1102,0,0,0,0,0
R1103,0,0,0,0,0
R1105,0,0,0,0,0
R1107,0,0,0,0,0
R1108,0,0,0,0,0
R1109,0,0,0,0,0
R1114,0,0,0,0,0
R1115,0,0,0,0,0
R1116,0,0,0,0,0
R1117,0,0,0,0,0
R1118,0,0,0,0,0
R1119,0,0,0,0,0
R1120,0,0,0,0,0
R1123,0,0,0,0,0
R1124,0,0,0,0,0
R1125,0,0,0,0,0
R1126,0,0,0,0,0
R1128,0,0,0,0,0
R1130,0,0,0,0,0
R1133,0,0,0,0,0
R1134,0,0,0,0,0
R1135,0,0,0,0,0
R1136,0,0,0,0,0
R1139,0,0,0,0,0
R1140,0,0,0,0,0
R1142,0,0,0,0,0
R1143,0,0,0,0,0
R1144,0,0,0,0,0
R1145,0,0,0,0,0
R1146,0,0,0,0,0
R1147,0,0,0,0,0
R1148,0,0,0,0,0
R1149,0,0,0,0,0
R1150,0,0,0,0,0
R1151,0,0,0,0,0
R1152,0,0,0,0,0
R1153,0,0,0,0,0
R1154,0,0,0,0,0
R1155,0,0,0,0,0
R1156,0,0,0,0,0
R1157,0,0,0,0,0
R1158,0,0,0,0,0
R1159,0,0,0,0,0
R1161,0,0,0,0,0
R1163,0,0,0,0,0
R1164,0,0,0,0,0
R1166,0,0,0,0,0
R1167,0,0,0,0,0
R1168,0,0,0,0,0
R1175,0,0,0,0,0
R1176,0,0,0,0,0
R1177,0,0,0,0,0
R1178,0,0,0,0,0
R1179,0,0,0,0,0
R1180,0,0,0,0,0
R1181,0,0,0,0,0
R1182,0,0,0,0,0
R1184,0,0,0,0,0
R1185,0,0,0,0,0
R1186,0,0,0,0,0
R1187,0,0,0,0,0
R1188,0,0,0,0,0
R1189,0,0,0,0,0
R1190,0,0,0,0,0
R1191,0,0,0,0,0
R1192,0,0,0,0,0
R1193,0,0,0,0,0
R1194,0,0,0,0,0
R1195,0,0,0,0,0
R1196,0,0,0,0,0
R1197,0,0,0,0,0
R1200,0,0,0,0,0
R1203,0,0,0,0,0
R1204,0,0,0,0,0
R1205,0,0,0,0,0
R1208,0,0,0,0,0
R1209,0,0,0,0,0
R1210,0,0,0,0,0
R1211,0,0,0,0,0
R1212,0,0,0,0,0
R1213,0,0,0,0,0
R1215,0,0,0,0,0
R1219,0,0,0,0,0
R1221,0,0,0,0,0
R1223,0,0,0,0,0
R1227,0,0,0,0,0
R1228,0,0,0,0,0
R1229,0,0,0,0,0
R1231,0,0,0,0,0
R1232,0,0,0,0,0
R1233,0,0,0,0,0
R1235,0,0,0,0,0
R1236,0,0,0,0,0
R1238,0,0,0,0,0
R1239,0,0,0,0,0
R1241,0,0,0,0,0
R1243,0,0,0,0,0
R1247,0,0,0,0,0
R1249,0,0,0,0,0
R1255,0,0,0,0,0
R1257,0,0,0,0,0
R1260,0,0,0,0,0
R1262,0,0,0,0,0
R1267,0,0,0,0,0
R1272,0,0,0,0,0
R1273,0,0,0,0,0
R1276,0,0,0,0,0
R1277,0,0,0,0,0
R1278,0,0,0,0,0
R1279,0,0,0,0,0
R1281,0,0,0,0,0
R1282,0,0,0,0,0
R1285,0,0,0,0,0
R1286,0,0,0,0,0
R1289,0,0,0,0,0
R1291,0,0,0,0,0
R1296,0,0,0,0,0
R1298,0,0,0,0,0
R1301,0,0,0,0,0
R1303,0,0,0,0,0
R1306,0,0,0,0,0
R1307,0,0,0,0,0
R1308,0,0,0,0,0
R1309,0,0,0,0,0
R1310,0,0,0,0,0
R1311,0,0,0,0,0
R1312,0,0,0,0,0
R1314,0,0,0,0,0
R1316,0,0,0,0,0
R1317,0,0,0,0,0
R1318,0,0,0,0,0
R1319,0,0,0,0,0
R1321,0,0,0,0,0
R1326,0,0,0,0,0
R1327,0,0,0,0,0
R1330,0,0,0,0,0
R1333,0,0,0,0,0
R1335,0,0,0,0,0
R1338,0,0,0,0,0
R1339,0,0,0,0,0
R1341,0,0,0,0,0
R1342,0,0,0,0,0
R1347,0,0,0,0,0
R1348,0,0,0,0,0
R1349,0,0,0,0,0
R1351,0,0,0,0,0
R1353,0,0,0,0,0
R1355,0,0,0,0,0
R1356,0,0,0,0,0
R1357,0,0,0,0,0
R1358,0,0,0,0,0
R1359,0,0,0,0,0
R1360,0,0,0,0,0
R1362,0,0,0,0,0
R1364,0,0,0,0,0
R1365,0,0,0,0,0
R1366,0,0,0,0,0
R1367,0,0,0,0,0
R1368,0,0,0,0,0
R1375,0,0,0,0,0
R1378,0,0,0,0,0
R1386,0,0,0,0,0
R1387,0,0,0,0,0
R1388,0,0,0,0,0
R1390,0,0,0,0,0
R1391,0,0,0,0,0
R1397,0,0,0,0,0
R1399,0,0,0,0,0
R1421,0,0,0,0,0
R1423,0,0,0,0,0
R1427,0,0,0,0,0
R1433,0,0,0,0,0
R1435,0,0,0,0,0
R1438,0,0,0,0,0
R1446,0,0,0,0,0
R1448,0,0,0,0,0
R1451,0,0,0,0,0
R1452,0,0,0,0,0
R1454,0,0,0,0,0
R1455,0,0,0,0,0
R1460,0,0,0,0,0
R1469,0,0,0,0,0
R1471,0,0,0,0,0
R1472,0,0,0,0,0
R1474,0,0,0,0,0
R1478,0,0,0,0,0
R1481,0,0,0,0,0
R1483,0,0,0,0,0
R1487,0,0,0,0,0
R1488,0,0,0,0,0
R1493,0,0,0,0,0
R1498,0,0,0,0,0
R1501,0,0,0,0,0
R1504,0,0,0,0,0
R1505,0,0,0,0,0
R1509,0,0,0,0,0
R1513,0,0,0,0,0
R1522,0,0,0,0,0
R1523,0,0,0,0,0
R1533,0,0,0,0,0
R1535,0,0,0,0,0
R1545,0,0,0,0,0
R1547,0,0,0,0,0
R1548,0,0,0,0,0
R1553,0,0,0,0,0
R1555,0,0,0,0,0
R1557,0,0,0,0,0
R1561,0,0,0,0,0
R1562,0,0,0,0,0
R1563,0,0,0,0,0
R1564,0,0,0,0,0
R1565,0,0,0,0,0
R1566,0,0,0,0,0
R1567,0,0,0,0,0
R1568,0,0,0,0,0
R1569,0,0,0,0,0
R1570,0,0,0,0,0
R1571,0,0,0,0,0
R1572,0,0,0,0,0
R1573,0,0,0,0,0
R1574,0,0,0,0,0
R1575,0,0,0,0,0
R1577,0,0,0,0,0
R1578,0,0,0,0,0
R1579,0,0,0,0,0
R1580,0,0,0,0,0
R1581,0,0,0,0,0
R1582,0,0,0,0,0
R1583,0,0,0,0,0
R1585,0,0,0,0,0
R1586,0,0,0,0,0
R1587,0,0,0,0,0
R1588,0,0,0,0,0
R1589,0,0,0,0,0
R1590,0,0,0,0,0
R1591,0,0,0,0,0
R1592,0,0,0,0,0
R1593,0,0,0,0,0
R1594,0,0,0,0,0
R1597,0,0,0,0,0
R1598,0,0,0,0,0
R1599,0,0,0,0,0
R1600,0,0,0,0,0
R1601,0,0,0,0,0
R1602,0,0,0,0,0
R1603,0,0,0,0,0
R1604,0,0,0,0,0
R1606,0,0,0,0,0
R1607,0,0,0,0,0
R1608,0,0,0,0,0
R1609,0,0,0,0,0
R1610,0,0,0,0,0
R1611,0,0,0,0,0
R1612,0,0,0,0,0
R1613,0,0,0,0,0
R1614,0,0,0,0,0
R1615,0,0,0,0,0
R1616,0,0,0,0,0
R1617,0,0,0,0,0
R1618,0,0,0,0,0
R1619,0,0,0,0,0
R1620,0,0,0,0,0
R1621,0,0,0,0,0
R1622,0,0,0,0,0
R1623,0,0,0,0,0
R1624,0,0,0,0,0
R1625,0,0,0,0,0
R1626,0,0,0,0,0
R1627,0,0,0,0,0
R1628,0,0,0,0,0
R1629,0,0,0,0,0
R1630,0,0,0,0,0
R1631,0,0,0,0,0
R1632,0,0,0,0,0
R1633,0,0,0,0,0
R1634,0,0,0,0,0
R1635,0,0,0,0,0
R1636,0,0,0,0,0
R1637,0,0,0,0,0
R1638,0,0,0,0,0
R1639,0,0,0,0,0
R1640,0,0,0,0,0
R1641,0,0,0,0,0
R1642,0,0,0,0,0
R1643,0,0,0,0,0
R1644,0,0,0,0,0
R1645,0,0,0,0,0
R1646,0,0,0,0,0
R1647,0,0,0,0,0
R1648,0,0,0,0,0
R1649,0,0,0,0,0
R1650,0,0,0,0,0
R1651,0,0,0,0,0
R1652,0,0,0,0,0
R1653,0,0,0,0,0
R1654,0,0,0,0,0
R1655,0,0,0,0,0
R1656,0,0,0,0,0
R1657,0,0,0,0,0
R1658,0,0,0,0,0
R1659,0,0,0,0,0
R1660,0,0,0,0,0
R1661,0,0,0,0,0
R1662,0,0,0,0,0
R1663,0,0,0,0,0
R1664,0,0,0,0,0
R1665,0,0,0,0,0
R1666,0,0,0,0,0
R1667,0,0,0,0,0
R1668,0,0,0,0,0
R1669,0,0,0,0,0
R1670,0,0,0,0,0
R1671,0,0,0,0,0
R1672,0,0,0,0,0
R1673,0,0,0,0,0
R1674,0,0,0,0,0
R1675,0,0,0,0,0
R1676,0,0,0,0,0
R1677,0,0,0,0,0
R1678,0,0,0,0,0
R1679,0,0,0,0,0
R1680,0,0,0,0,0
R1681,0,0,0,0,0
R1682,0,0,0,0,0
R1683,0,0,0,0,0
R1684,0,0,0,0,0
R1685,0,0,0,0,0
R1686,0,0,0,0,0
R1687,0,0,0,0,0
R1688,0,0,0,0,0
R1689,0,0,0,0,0
R1690,0,0,0,0,0
R1691,0,0,0,0,0
R1692,0,0,0,0,0
R1693,0,0,0,0,0
R1694,0,0,0,0,0
R1695,0,0,0,0,0
R1697,0,0,0,0,0
R1698,0,0,0,0,0
R1699,0,0,0,0,0
R1700,0,0,0,0,0
R1701,0,0,0,0,0
R1702,0,0,0,0,0
R1703,0,0,0,0,0
R1704,0,0,0,0,0
R1705,0,0,0,0,0
R1706,0,0,0,0,0
R1707,0,0,0,0,0
R1708,0,0,0,0,0
R1709,0,0,0,0,0
R1710,0,0,0,0,0
R1711,0,0,0,0,0
R1712,0,0,0,0,0
R1713,0,0,0,0,0
R1714,0,0,0,0,0
R1715,0,0,0,0,0
R1716,0,0,0,0,0
R1717,0,0,0,0,0
R1718,0,0,0,0,0
R1719,0,0,0,0,0
R1720,0,0,0,0,0
R1721,0,0,0,0,0
R1722,0,0,0,0,0
R1723,0,0,0,0,0
R1724,0,0,0,0,0
R1725,0,0,0,0,0
R1726,0,0,0,0,0
R1727,0,0,0,0,0
R1728,0,0,0,0,0
R1729,0,0,0,0,0
R1730,0,0,0,0,0
R1731,0,0,0,0,0
R1732,0,0,0,0,0
R1733,0,0,0,0,0
R1734,0,0,0,0,0
R1735,0,0,0,0,0
R1736,0,0,0,0,0
R1737,0,0,0,0,0
R1738,0,0,0,0,0
R1739,0,0,0,0,0
R1740,0,0,0,0,0
R1745,0,0,0,0,0
R1748,0,0,0,0,0
R1750,0,0,0,0,0
R1751,0,0,0,0,0
R1752,0,0,0,0,0
R1757,0,0,0,0,0
R1762,0,0,0,0,0
R1763,0,0,0,0,0
R1764,0,0,0,0,0
R1765,0,0,0,0,0
R1766,0,0,0,0,0
R1767,0,0,0,0,0
R1768,0,0,0,0,0
R1769,0,0,0,0,0
R1770,0,0,0,0,0
R1771,0,0,0,0,0
R1772,0,0,0,0,0
R1773,0,0,0,0,0
R1774,0,0,0,0,0
R1775,0,0,0,0,0
R1776,0,0,0,0,0
R1777,0,0,0,0,0
R1778,0,0,0,0,0
R1779,0,0,0,0,0
R1780,0,0,0,0,0
R1781,0,0,0,0,0
R1782,0,0,0,0,0
R1783,0,0,0,0,0
R1784,0,0,0,0,0
R1785,0,0,0,0,0
R1786,0,0,0,0,0
R1787,0,0,0,0,0
R1788,0,0,0,0,0
R1789,0,0,0,0,0
R1790,0,0,0,0,0
R1791,0,0,0,0,0
R1792,0,0,0,0,0
R1793,0,0,0,0,0
R1794,0,0,0,0,0
R1795,0,0,0,0,0
R1796,0,0,0,0,0
R1799,0,0,0,0,0
R1800,0,0,0,0,0
R1801,0,0,0,0,0
R1802,0,0,0,0,0
R1804,0,0,0,0,0
R1805,0,0,0,0,0
R1806,0,0,0,0,0
R1809,0,0,0,0,0
R1810,0,0,0,0,0
R1811,0,0,0,0,0
R1812,0,0,0,0,0
R1813,0,0,0,0,0
R1815,0,0,0,0,0
R1816,0,0,0,0,0
R1817,0,0,0,0,0
R1819,0,0,0,0,0
R1820,0,0,0,0,0
R1821,0,0,0,0,0
R1822,0,0,0,0,0
R1823,0,0,0,0,0
R1824,0,0,0,0,0
R1826,0,0,0,0,0
R1827,0,0,0,0,0
R1828,0,0,0,0,0
R1829,0,0,0,0,0
R1831,0,0,0,0,0
R1832,0,0,0,0,0
R1836,0,0,0,0,0
R1839,0,0,0,0,0
R1840,0,0,0,0,0
R1841,0,0,0,0,0
R1843,0,0,0,0,0
R1844,0,0,0,0,0
R1845,0,0,0,0,0
R1846,0,0,0,0,0
R1848,0,0,0,0,0
R1849,0,0,0,0,0
R1851,0,0,0,0,0
R1852,0,0,0,0,0
R1853,0,0,0,0,0
R1854,0,0,0,0,0
R1855,0,0,0,0,0
R1856,0,0,0,0,0
R1858,0,0,0,0,0
R1860,0,0,0,0,0
R1862,0,0,0,0,0
R1863,0,0,0,0,0
R1864,0,0,0,0,0
R1865,0,0,0,0,0
R1866,0,0,0,0,0
R1869,0,0,0,0,0
R1871,0,0,0,0,0
R1872,0,0,0,0,0
R1874,0,0,0,0,0
R1875,0,0,0,0,0
R1877,0,0,0,0,0
R1878,0,0,0,0,0
R1879,0,0,0,0,0
R1880,0,0,0,0,0
R1881,0,0,0,0,0
R1882,0,0,0,0,0
R1887,0,0,0,0,0
R1888,0,0,0,0,0
R1891,0,0,0,0,0
R1892,0,0,0,0,0
R1895,0,0,0,0,0
R1898,0,0,0,0,0
R1903,0,0,0,0,0
R1904,0,0,0,0,0
R1905,0,0,0,0,0
R1908,0,0,0,0,0
R1909,0,0,0,0,0
R1910,0,0,0,0,0
R1911,0,0,0,0,0
R1913,0,0,0,0,0
R1915,0,0,0,0,0
R1916,0,0,0,0,0
R1917,0,0,0,0,0
R1918,0,0,0,0,0
R1919,0,0,0,0,0
R1920,0,0,0,0,0
R1921,0,0,0,0,0
R1923,0,0,0,0,0
R1924,0,0,0,0,0
R1925,0,0,0,0,0
R1926,0,0,0,0,0
R1927,0,0,0,0,0
R1928,0,0,0,0,0
R1929,0,0,0,0,0
R1930,0,0,0,0,0
R1931,0,0,0,0,0
R1932,0,0,0,0,0
R1933,0,0,0,0,0
R1934,0,0,0,0,0
R1936,0,0,0,0,0
R1937,0,0,0,0,0
R1938,0,0,0,0,0
R1939,0,0,0,0,0
R1940,0,0,0,0,0
R1941,0,0,0,0,0
R1942,0,0,0,0,0
R1945,0,0,0,0,0
R1946,0,0,0,0,0
R1947,0,0,0,0,0
R1948,0,0,0,0,0
R1949,0,0,0,0,0
R1950,0,0,0,0,0
R1951,0,0,0,0,0
R1953,0,0,0,0,0
R1955,0,0,0,0,0
R1956,0,0,0,0,0
R1957,0,0,0,0,0
R1959,0,0,0,0,0
R1960,0,0,0,0,0
R1961,0,0,0,0,0
R1962,0,0,0,0,0
R1963,0,0,0,0,0
R1964,0,0,0,0,0
R1966,0,0,0,0,0
R1968,0,0,0,0,0
R1969,0,0,0,0,0
R1970,0,0,0,0,0
R1971,0,0,0,0,0
R1972,0,0,0,0,0
R1973,0,0,0,0,0
R1974,0,0,0,0,0
R1975,0,0,0,0,0
R1976,0,0,0,0,0
R1977,0,0,0,0,0
R1978,0,0,0,0,0
R1979,0,0,0,0,0
R1980,0,0,0,0,0
R1981,0,0,0,0,0
R1982,0,0,0,0,0
R1983,0,0,0,0,0
R1984,0,0,0,0,0
R1985,0,0,0,0,0
R1986,0,0,0,0,0
R1987,0,0,0,0,0
R1988,0,0,0,0,0
R1989,0,0,0,0,0
R1990,0,0,0,0,0
R1991,0,0,0,0,0
R1992,0,0,0,0,0
R1994,0,0,0,0,0
R1995,0,0,0,0,0
R1996,0,0,0,0,0
R1998,0,0,0,0,0
R1999,0,0,0,0,0
R2000,0,0,0,0,0
R2001,0,0,0,0,0
R2002,0,0,0,0,0
R2003,0,0,0,0,0
R2004,0,0,0,0,0
R2006,0,0,0,0,0
R2007,0,0,0,0,0
R2008,0,0,0,0,0
R2009,0,0,0,0,0
R2011,0,0,0,0,0
R2012,0,0,0,0,0
R2013,0,0,0,0,0
R2015,0,0,0,0,0
R2016,0,0,0,0,0
R2019,0,0,0,0,0
R2020,0,0,0,0,0
R2021,0,0,0,0,0
R2023,0,0,0,0,0
R2024,0,0,0,0,0
R2026,0,0,0,0,0
R2028,0,0,0,0,0
R2029,0,0,0,0,0
R2030,0,0,0,0,0
R2031,0,0,0,0,0
R2032,0,0,0,0,0
R2033,0,0,0,0,0
R2034,0,0,0,0,0
R2035,0,0,0,0,0
R2038,0,0,0,0,0
R2041,0,0,0,0,0
R2042,0,0,0,0,0
R2043,0,0,0,0,0
R2044,0,0,0,0,0
R2047,0,0,0,0,0
R2048,0,0,0,0,0
R2050,0,0,0,0,0
R2052,0,0,0,0,0
R2055,0,0,0,0,0
R2057,0,0,0,0,0
R2058,0,0,0,0,0
R2059,0,0,0,0,0
R2063,0,0,0,0,0
R2064,0,0,0,0,0
R2065,0,0,0,0,0
R2066,0,0,0,0,0
R2067,0,0,0,0,0
R2068,0,0,0,0,0
R2070,0,0,0,0,0
R2071,0,0,0,0,0
R2072,0,0,0,0,0
R2073,0,0,0,0,0
R2074,0,0,0,0,0
R2077,0,0,0,0,0
R2078,0,0,0,0,0
R2079,0,0,0,0,0
R2081,0,0,0,0,0
R2083,0,0,0,0,0
R2084,0,0,0,0,0
R2085,0,0,0,0,0
R2088,0,0,0,0,0
R2089,0,0,0,0,0
R2090,0,0,0,0,0
R2094,0,0,0,0,0
R2095,0,0,0,0,0
R2096,0,0,0,0,0
R2097,0,0,0,0,0
R2099,0,0,0,0,0
R2101,0,0,0,0,0
R2102,0,0,0,0,0
R2103,0,0,0,0,0
R2105,0,0,0,0,0
R2106,0,0,0,0,0
R2109,0,0,0,0,0
R2110,0,0,0,0,0
R2111,0,0,0,0,0
R2113,0,0,0,0,0
R2114,0,0,0,0,0
R2117,0,0,0,0,0
R2119,0,0,0,0,0
R2120,0,0,0,0,0
R2121,0,0,0,0,0
R2122,0,0,0,0,0
R2123,0,0,0,0,0
R2125,0,0,0,0,0
R2126,0,0,0,0,0
R2127,0,0,0,0,0
R2130,0,0,0,0,0
R2131,0,0,0,0,0
R2133,0,0,0,0,0
R2134,0,0,0,0,0
R2135,0,0,0,0,0
R2138,0,0,0,0,0
R2139,0,0,0,0,0
R2141,0,0,0,0,0
R2144,0,0,0,0,0
R2149,0,0,0,0,0
R2154,0,0,0,0,0
R2155,0,0,0,0,0
R2156,0,0,0,0,0
R2157,0,0,0,0,0
R2162,0,0,0,0,0
R2166,0,0,0,0,0
R2167,0,0,0,0,0
R2168,0,0,0,0,0
R2172,0,0,0,0,0
R2173,0,0,0,0,0
R2174,0,0,0,0,0
R2175,0,0,0,0,0
R2176,0,0,0,0,0
R2177,0,0,0,0,0
R2178,0,0,0,0,0
R2179,0,0,0,0,0
R2180,0,0,0,0,0
R2181,0,0,0,0,0
R2182,0,0,0,0,0
R2183,0,0,0,0,0
R2184,0,0,0,0,0
R2185,0,0,0,0,0
R2186,0,0,0,0,0
R2187,0,0,0,0,0
R2188,0,0,0,0,0
R2189,0,0,0,0,0
R2190,0,0,0,0,0
R2191,0,0,0,0,0
R2192,0,0,0,0,0
R2193,0,0,0,0,0
R2194,0,0,0,0,0
R2195,0,0,0,0,0
R2196,0,0,0,0,0
R2197,0,0,0,0,0
R2198,0,0,0,0,0
R2199,0,0,0,0,0
R2200,0,0,0,0,0
R2201,0,0,0,0,0
R2202,0,0,0,0,0
R2203,0,0,0,0,0
R2204,0,0,0,0,0
R2205,0,0,0,0,0
R2206,0,0,0,0,0
R2207,0,0,0,0,0
R2208,0,0,0,0,0
R2209,0,0,0,0,0
R2210,0,0,0,0,0
R2211,0,0,0,0,0
R2212,0,0,0,0,0
R2213,0,0,0,0,0
R2214,0,0,0,0,0
R2215,0,0,0,0,0
R2217,0,0,0,0,0
R2218,0,0,0,0,0
R2220,0,0,0,0,0
R2221,0,0,0,0,0
R2222,0,0,0,0,0
R2224,0,0,0,0,0
R2225,0,0,0,0,0
R2226,0,0,0,0,0
R2227,0,0,0,0,0
R2228,0,0,0,0,0
R2229,0,0,0,0,0
R2230,0,0,0,0,0
R2231,0,0,0,0,0
R2232,0,0,0,0,0
R2233,0,0,0,0,0
R2234,0,0,0,0,0
R2235,0,0,0,0,0
R2236,0,0,0,0,0
R2237,0,0,0,0,0
R2238,0,0,0,0,0
R2239,0,0,0,0,0
R2240,0,0,0,0,0
R2241,0,0,0,0,0
R2242,0,0,0,0,0
R2243,0,0,0,0,0
R2244,0,0,0,0,0
R2247,0,0,0,0,0
R2250,0,0,0,0,0
R2251,0,0,0,0,0
R2252,0,0,0,0,0
R2253,0,0,0,0,0
R2254,0,0,0,0,0
R2257,0,0,0,0,0
R2259,0,0,0,0,0
R2260,0,0,0,0,0
R2263,0,0,0,0,0
R2265,0,0,0,0,0
R2266,0,0,0,0,0
R2267,0,0,0,0,0
R2269,0,0,0,0,0
R2270,0,0,0,0,0
R2271,0,0,0,0,0
R2272,0,0,0,0,0
R2273,0,0,0,0,0
R2275,0,0,0,0,0
R2278,0,0,0,0,0
R2279,0,0,0,0,0
R2280,0,0,0,0,0
R2281,0,0,0,0,0
R2282,0,0,0,0,0
R2283,0,0,0,0,0
R2284,0,0,0,0,0
R2285,0,0,0,0,0
R2286,0,0,0,0,0
R2287,0,0,0,0,0
R2288,0,0,0,0,0
R2289,0,0,0,0,0
R2290,0,0,0,0,0
R2291,0,0,0,0,0
R2292,0,0,0,0,0
R2293,0,0,0,0,0
R2294,0,0,0,0,0
R2295,0,0,0,0,0
R2296,0,0,0,0,0
R2297,0,0,0,0,0
R2298,0,0,0,0,0
R2299,0,0,0,0,0
R2300,0,0,0,0,0
R2301,0,0,0,0,0
R2302,0,0,0,0,0
R2303,0,0,0,0,0
R2304,0,0,0,0,0
R2305,0,0,0,0,0
R2306,0,0,0,0,0
R2307,0,0,0,0,0
R2308,0,0,0,0,0
R2309,0,0,0,0,0
R2310,0,0,0,0,0
R2311,0,0,0,0,0
R2312,0,0,0,0,0
R2313,0,0,0,0,0
R2314,0,0,0,0,0
R2315,0,0,0,0,0
R2316,0,0,0,0,0
R2317,0,0,0,0,0
R2318,0,0,0,0,0
R2319,0,0,0,0,0
R2320,0,0,0,0,0
R2321,0,0,0,0,0
R2322,0,0,0,0,0
R2323,0,0,0,0,0
R2324,0,0,0,0,0
R2325,0,0,0,0,0
R2326,0,0,0,0,0
R2327,0,0,0,0,0
R2328,0,0,0,0,0
R2329,0,0,0,0,0
R2330,0,0,0,0,0
R2331,0,0,0,0,0
R2332,0,0,0,0,0
R2333,0,0,0,0,0
R2334,0,0,0,0,0
R2335,0,0,0,0,0
R2336,0,0,0,0,0
R2337,0,0,0,0,0
R2338,0,0,0,0,0
R2339,0,0,0,0,0
R2340,0,0,0,0,0
R2341,0,0,0,0,0
R2342,0,0,0,0,0
R2343,0,0,0,0,0
R2344,0,0,0,0,0
R2345,0,0,0,0,0
R2346,0,0,0,0,0
R2347,0,0,0,0,0
R2348,0,0,0,0,0
R2349,0,0,0,0,0
R2350,0,0,0,0,0
R2351,0,0,0,0,0
R2352,0,0,0,0,0
R2353,0,0,0,0,0
R2354,0,0,0,0,0
R2355,0,0,0,0,0
R2356,0,0,0,0,0
R2357,0,0,0,0,0
R2358,0,0,0,0,0
R2359,0,0,0,0,0
R2360,0,0,0,0,0
R2361,0,0,0,0,0
R2362,0,0,0,0,0
R2363,0,0,0,0,0
R2364,0,0,0,0,0
R2365,0,0,0,0,0
R2366,0,0,0,0,0
R2367,0,0,0,0,0
R2368,0,0,0,0,0
R2369,0,0,0,0,0
R2370,0,0,0,0,0
R2371,0,0,0,0,0
R2372,0,0,0,0,0
R2373,0,0,0,0,0
R2374,0,0,0,0,0
R2375,0,0,0,0,0
R2376,0,0,0,0,0
R2377,0,0,0,0,0
R2378,0,0,0,0,0
R2379,0,0,0,0,0
R2380,0,0,0,0,0
R2381,0,0,0,0,0
R2382,0,0,0,0,0
R2383,0,0,0,0,0
R2384,0,0,0,0,0
R2385,0,0,0,0,0
R2386,0,0,0,0,0
R2387,0,0,0,0,0
R2388,0,0,0,0,0
R2389,0,0,0,0,0
R2390,0,0,0,0,0
R2391,0,0,0,0,0
R2392,0,0,0,0,0
R2393,0,0,0,0,0
R2394,0,0,0,0,0
R2396,0,0,0,0,0
R2398,0,0,0,0,0
R2400,0,0,0,0,0
R2404,0,0,0,0,0
R2409,0,0,0,0,0
R2411,0,0,0,0,0
R2412,0,0,0,0,0
R2415,0,0,0,0,0
R2424,0,0,0,0,0
R2425,0,0,0,0,0
R2427,0,0,0,0,0
R2432,0,0,0,0,0
R2440,0,0,0,0,0
R2443,0,0,0,0,0
R2448,0,0,0,0,0
R2452,0,0,0,0,0
R2455,0,0,0,0,0
R2458,0,0,0,0,0
R2459,0,0,0,0,0
R2466,0,0,0,0,0
R2469,0,0,0,0,0
R2471,0,0,0,0,0
R2478,0,0,0,0,0
R2480,0,0,0,0,0
R2482,0,0,0,0,0
R2483,0,0,0,0,0
R2484,0,0,0,0,0
R2487,0,0,0,0,0
R2490,0,0,0,0,0
R2491,0,0,0,0,0
R2492,0,0,0,0,0
R2493,0,0,0,0,0
R2494,0,0,0,0,0
R2495,0,0,0,0,0
R2496,0,0,0,0,0
R2497,0,0,0,0,0
R2498,0,0,0,0,0
R2499,0,0,0,0,0
R2500,0,0,0,0,0
R2501,0,0,0,0,0
R2502,0,0,0,0,0
R2503,0,0,0,0,0
R2504,0,0,0,0,0
R2505,0,0,0,0,0
R2506,0,0,0,0,0
R2507,0,0,0,0,0
R2508,0,0,0,0,0
R2509,0,0,0,0,0
R2510,0,0,0,0,0
R2511,0,0,0,0,0
R2512,0,0,0,0,0
R2513,0,0,0,0,0
R2514,0,0,0,0,0
R2515,0,0,0,0,0
R2516,0,0,0,0,0
R2517,0,0,0,0,0
R2518,0,0,0,0,0
R2519,0,0,0,0,0
R2520,0,0,0,0,0
R2521,0,0,0,0,0
R2522,0,0,0,0,0
R2523,0,0,0,0,0
R2524,0,0,0,0,0
R2525,0,0,0,0,0
R2526,0,0,0,0,0
R2527,0,0,0,0,0
R2528,0,0,0,0,0
R2529,0,0,0,0,0
R2530,0,0,0,0,0
R2531,0,0,0,0,0
R2532,0,0,0,0,0
R2533,0,0,0,0,0
R2534,0,0,0,0,0
R2535,0,0,0,0,0
R2536,0,0,0,0,0
R2537,0,0,0,0,0
R2539,0,0,0,0,0
R2540,0,0,0,0,0
R2541,0,0,0,0,0
R2542,0,0,0,0,0
R2543,0,0,0,0,0
R2544,0,0,0,0,0
R2545,0,0,0,0,0
R2546,0,0,0,0,0
R2547,0,0,0,0,0
R2548,0,0,0,0,0
R2549,0,0,0,0,0
R2551,0,0,0,0,0
R2552,0,0,0,0,0
R2553,0,0,0,0,0
R2554,0,0,0,0,0
R2555,0,0,0,0,0
R2556,0,0,0,0,0
R2557,0,0,0,0,0
R2558,0,0,0,0,0
R2559,0,0,0,0,0
R2560,0,0,0,0,0
R2561,0,0,0,0,0
R2562,0,0,0,0,0
R2563,0,0,0,0,0
R2564,0,0,0,0,0
R2565,0,0,0,0,0
R2566,0,0,0,0,0
R2567,0,0,0,0,0
R2568,0,0,0,0,0
R2569,0,0,0,0,0
R2570,0,0,0,0,0
R2571,0,0,0,0,0
R2572,0,0,0,0,0
R2573,0,0,0,0,0
R2574,0,0,0,0,0
R2575,0,0,0,0,0
R2576,0,0,0,0,0
R2577,0,0,0,0,0
R2578,0,0,0,0,0
R2579,0,0,0,0,0
R2581,0,0,0,0,0
R2582,0,0,0,0,0
R2583,0,0,0,0,0
R2584,0,0,0,0,0
R2585,0,0,0,0,0
R2586,0,0,0,0,0
R2587,0,0,0,0,0
R2588,0,0,0,0,0
R2589,0,0,0,0,0
R2590,0,0,0,0,0
R2591,0,0,0,0,0
R2592,0,0,0,0,0
R2593,0,0,0,0,0
R2594,0,0,0,0,0
R2595,0,0,0,0,0
R2596,0,0,0,0,0
R2597,0,0,0,0,0
R2598,0,0,0,0,0
R2599,0,0,0,0,0
R2600,0,0,0,0,0
R2601,0,0,0,0,0
R2602,0,0,0,0,0
R2603,0,0,0,0,0
R2604,0,0,0,0,0
R2605,0,0,0,0,0
R2606,0,0,0,0,0
R2607,0,0,0,0,0
R2608,0,0,0,0,0
R2609,0,0,0,0,0
R2611,0,0,0,0,0
R2612,0,0,0,0,0
R2613,0,0,0,0,0
R2614,0,0,0,0,0
R2615,0,0,0,0,0
R2616,0,0,0,0,0
R2617,0,0,0,0,0
R2618,0,0,0,0,0
R2619,0,0,0,0,0
R2620,0,0,0,0,0
R2621,0,0,0,0,0
R2622,0,0,0,0,0
R2623,0,0,0,0,0
R2624,0,0,0,0,0
R2625,0,0,0,0,0
R2626,0,0,0,0,0
R2627,0,0,0,0,0
R2628,0,0,0,0,0
R2629,0,0,0,0,0
R2630,0,0,0,0,0
R2631,0,0,0,0,0
R2632,0,0,0,0,0
R2633,0,0,0,0,0
R2634,0,0,0,0,0
R2635,0,0,0,0,0
R2636,0,0,0,0,0
R2637,0,0,0,0,0
R2638,0,0,0,0,0
R2639,0,0,0,0,0
R2640,0,0,0,0,0
R2641,0,0,0,0,0
R2642,0,0,0,0,0
R2643,0,0,0,0,0
R2644,0,0,0,0,0
R2645,0,0,0,0,0
R2646,0,0,0,0,0
R2647,0,0,0,0,0
R2648,0,0,0,0,0
R2649,0,0,0,0,0
R2650,0,0,0,0,0
R2651,0,0,0,0,0
R2652,0,0,0,0,0
R2653,0,0,0,0,0
R2654,0,0,0,0,0
R2655,0,0,0,0,0
R2656,0,0,0,0,0
R2657,0,0,0,0,0
R2658,0,0,0,0,0
R2659,0,0,0,0,0
R2660,0,0,0,0,0
R2661,0,0,0,0,0
R2662,0,0,0,0,0
R2663,0,0,0,0,0
R2664,0,0,0,0,0
R2666,0,0,0,0,0
R2667,0,0,0,0,0
R2668,0,0,0,0,0
R2669,0,0,0,0,0
R2670,0,0,0,0,0
R2671,0,0,0,0,0
R2672,0,0,0,0,0
R2673,0,0,0,0,0
R2674,0,0,0,0,0
R2675,0,0,0,0,0
R2676,0,0,0,0,0
R2677,0,0,0,0,0
R2678,0,0,0,0,0
R2679,0,0,0,0,0
R2680,0,0,0,0,0
R2681,0,0,0,0,0
R2682,0,0,0,0,0
R2684,0,0,0,0,0
R2685,0,0,0,0,0
R2686,0,0,0,0,0
R2687,0,0,0,0,0
R2688,0,0,0,0,0
R2689,0,0,0,0,0
R2690,0,0,0,0,0
R2693,0,0,0,0,0
R2694,0,0,0,0,0
R2695,0,0,0,0,0
R2696,0,0,0,0,0
R2697,0,0,0,0,0
R2698,0,0,0,0,0
R2699,0,0,0,0,0
R2700,0,0,0,0,0
R2701,0,0,0,0,0
R2702,0,0,0,0,0
R2703,0,0,0,0,0
R2704,0,0,0,0,0
R2705,0,0,0,0,0
R2706,0,0,0,0,0
R2707,0,0,0,0,0
R2708,0,0,0,0,0
R2709,0,0,0,0,0
R2710,0,0,0,0,0
R2711,0,0,0,0,0
R2712,0,0,0,0,0
R2713,0,0,0,0,0
R2714,0,0,0,0,0
R2715,0,0,0,0,0
R2716,0,0,0,0,0
R2717,0,0,0,0,0
R2718,0,0,0,0,0
R2719,0,0,0,0,0
R2720,0,0,0,0,0
R2721,0,0,0,0,0
R2722,0,0,0,0,0
R2723,0,0,0,0,0
R2724,0,0,0,0,0
R2725,0,0,0,0,0
R2726,0,0,0,0,0
R2727,0,0,0,0,0
R2728,0,0,0,0,0
R2729,0,0,0,0,0
R2730,0,0,0,0,0
R2731,0,0,0,0,0
R2732,0,0,0,0,0
R2733,0,0,0,0,0
R2734,0,0,0,0,0
R2735,0,0,0,0,0
R2736,0,0,0,0,0
R2737,0,0,0,0,0
R2739,0,0,0,0,0
R2740,0,0,0,0,0
R2741,0,0,0,0,0
R2742,0,0,0,0,0
R2743,0,0,0,0,0
R2744,0,0,0,0,0
R2745,0,0,0,0,0
R2746,0,0,0,0,0
R2747,0,0,0,0,0
R2748,0,0,0,0,0
R2749,0,0,0,0,0
R2750,0,0,0,0,0
R2751,0,0,0,0,0
R2752,0,0,0,0,0
R2753,0,0,0,0,0
R2754,0,0,0,0,0
R2755,0,0,0,0,0
R2756,0,0,0,0,0
R2757,0,0,0,0,0
R2758,0,0,0,0,0
R2759,0,0,0,0,0
R2760,0,0,0,0,0
R2761,0,0,0,0,0
R2762,0,0,0,0,0
R2763,0,0,0,0,0
R2764,0,0,0,0,0
R2765,0,0,0,0,0
R2766,0,0,0,0,0
R2767,0,0,0,0,0
R2768,0,0,0,0,0
R2769,0,0,0,0,0
R2770,0,0,0,0,0
R2771,0,0,0,0,0
R2772,0,0,0,0,0
R2773,0,0,0,0,0
R2774,0,0,0,0,0
R2775,0,0,0,0,0
R2776,0,0,0,0,0
R2777,0,0,0,0,0
R2778,0,0,0,0,0
R2779,0,0,0,0,0
R2780,0,0,0,0,0
R2781,0,0,0,0,0
R2782,0,0,0,0,0
R2783,0,0,0,0,0
R2784,0,0,0,0,0
R2785,0,0,0,0,0
R2786,0,0,0,0,0
R2789,0,0,0,0,0
R2790,0,0,0,0,0
R2792,0,0,0,0,0
R2793,0,0,0,0,0
R2796,0,0,0,0,0
R2798,0,0,0,0,0
R2799,0,0,0,0,0
R2800,0,0,0,0,0
R2801,0,0,0,0,0
R2802,0,0,0,0,0
R2803,0,0,0,0,0
R2804,0,0,0,0,0
R2805,0,0,0,0,0
R2806,0,0,0,0,0
R2807,0,0,0,0,0
R2809,0,0,0,0,0
R2810,0,0,0,0,0
R2811,0,0,0,0,0
R2812,0,0,0,0,0
R2813,0,0,0,0,0
R2814,0,0,0,0,0
R2815,0,0,0,0,0
R2816,0,0,0,0,0
R2817,0,0,0,0,0
R2819,0,0,0,0,0
R2821,0,0,0,0,0
R2822,0,0,0,0,0
R2823,0,0,0,0,0
R2825,0,0,0,0,0
R2826,0,0,0,0,0
R2827,0,0,0,0,0
R2828,0,0,0,0,0
R2829,0,0,0,0,0
R2830,0,0,0,0,0
R2833,0,0,0,0,0
R2834,0,0,0,0,0
R2835,0,0,0,0,0
R2836,0,0,0,0,0
R2837,0,0,0,0,0
R2838,0,0,0,0,0
R2840,0,0,0,0,0
R2841,0,0,0,0,0
R2842,0,0,0,0,0
R2843,0,0,0,0,0
R2844,0,0,0,0,0
R2845,0,0,0,0,0
R2846,0,0,0,0,0
R2848,0,0,0,0,0
R2850,0,0,0,0,0
R2851,0,0,0,0,0
R2852,0,0,0,0,0
R2853,0,0,0,0,0
R2854,0,0,0,0,0
R2855,0,0,0,0,0
R2856,0,0,0,0,0
R2857,0,0,0,0,0
R2858,0,0,0,0,0
R2859,0,0,0,0,0
R2860,0,0,0,0,0
R2861,0,0,0,0,0
R2862,0,0,0,0,0
R2863,0,0,0,0,0
R2872,0,0,0,0,0
R2873,0,0,0,0,0
R2874,0,0,0,0,0
R2875,0,0,0,0,0
R2876,0,0,0,0,0
R2878,0,0,0,0,0
R2879,0,0,0,0,0
R2881,0,0,0,0,0
R2882,0,0,0,0,0
R2883,0,0,0,0,0
R2887,0,0,0,0,0
R2888,0,0,0,0,0
R2889,0,0,0,0,0
R2891,0,0,0,0,0
R2892,0,0,0,0,0
R2893,0,0,0,0,0
R2896,0,0,0,0,0
R2898,0,0,0,0,0
R2899,0,0,0,0,0
R2902,0,0,0,0,0
R2903,0,0,0,0,0
R2904,0,0,0,0,0
R2907,0,0,0,0,0
R2908,0,0,0,0,0
R2911,0,0,0,0,0
R2912,0,0,0,0,0
R2914,0,0,0,0,0
R2919,0,0,0,0,0
R2921,0,0,0,0,0
R2922,0,0,0,0,0
R2923,0,0,0,0,0
R2924,0,0,0,0,0
R2925,0,0,0,0,0
R2926,0,0,0,0,0
R2927,0,0,0,0,0
R2928,0,0,0,0,0
R2929,0,0,0,0,0
R2930,0,0,0,0,0
R2931,0,0,0,0,0
R2932,0,0,0,0,0
R2933,0,0,0,0,0
R2934,0,0,0,0,0
R2935,0,0,0,0,0
R2936,0,0,0,0,0
R2937,0,0,0,0,0
R2938,0,0,0,0,0
R2939,0,0,0,0,0
R2940,0,0,0,0,0
R2941,0,0,0,0,0
R2942,0,0,0,0,0
R2943,0,0,0,0,0
R2944,0,0,0,0,0
R2945,0,0,0,0,0
R2946,0,0,0,0,0
R2947,0,0,0,0,0
R2948,0,0,0,0,0
R2949,0,0,0,0,0
R2950,0,0,0,0,0
R2951,0,0,0,0,0
R2952,0,0,0,0,0
R2953,0,0,0,0,0
R2954,0,0,0,0,0
R2955,0,0,0,0,0
R2956,0,0,0,0,0
R2957,0,0,0,0,0
R2958,0,0,0,0,0
R2959,0,0,0,0,0
R2961,0,0,0,0,0
R2962,0,0,0,0,0
R2964,0,0,0,0,0
R2969,0,0,0,0,0
R2974,0,0,0,0,0
R2977,0,0,0,0,0
R2979,0,0,0,0,0
R2981,0,0,0,0,0
R2982,0,0,0,0,0
R2983,0,0,0,0,0
R2984,0,0,0,0,0
R2985,0,0,0,0,0
R2986,0,0,0,0,0
R2987,0,0,0,0,0
R2990,0,0,0,0,0
R2991,0,0,0,0,0
R2994,0,0,0,0,0
R2998,0,0,0,0,0
R2999,0,0,0,0,0
R3000,0,0,0,0,0
R3003,0,0,0,0,0
R3004,0,0,0,0,0
R3007,0,0,0,0,0
R3011,0,0,0,0,0
R3014,0,0,0,0,0
R3017,0,0,0,0,0
R3020,0,0,0,0,0
R3021,0,0,0,0,0
R3031,0,0,0,0,0
R3062,0,0,0,0,0
R3063,0,0,0,0,0
R3070,0,0,0,0,0
R3073,0,0,0,0,0
R3076,0,0,0,0,0
R3087,0,0,0,0,0
R3088,0,0,0,0,0
R3089,0,0,0,0,0
R3090,0,0,0,0,0
R3091,0,0,0,0,0
R3092,0,0,0,0,0
R3093,0,0,0,0,0
R3094,0,0,0,0,0
R3095,0,0,0,0,0
R3096,0,0,0,0,0
R3097,0,0,0,0,0
R3098,0,0,0,0,0
R3099,0,0,0,0,0
R3100,0,0,0,0,0
R3101,0,0,0,0,0
R3102,0,0,0,0,0
R3103,0,0,0,0,0
R3104,0,0,0,0,0
R3105,0,0,0,0,0
R3107,0,0,0,0,0
R3108,0,0,0,0,0
